player_id,first_name,second_name,team_name,position,points,minutes_played,ppg,value_ratio,selected_percent,form,transfers_in,transfers_out,influence,creativity,threat,price
1,David,Raya Martín,Arsenal,Goalkeeper,142,3420,3.7,25.8,18.3,0,0,0,755.4,10.7,0,5.5
2,Kepa,Arrizabalaga Revuelta,Arsenal,Goalkeeper,106,2790,3.4,23.6,0.9,0,0,0,744.4,10.4,4,4.5
3,Karl,Hein,Arsenal,Goalkeeper,0,0,0,0,0.7,0,0,0,0,0,0,4
4,Tommy,Setford,Arsenal,Goalkeeper,0,0,0,0,0.2,0,0,0,0,0,0,4
5,Gabriel,dos Santos Magalhães,Arsenal,Defender,117,2363,4.2,19.5,26.9,0,0,0,584.6,208.8,287,6
6,William,Saliba,Arsenal,Defender,130,3039,3.7,21.7,13.1,0,0,0,672.6,150.1,116,6
7,Riccardo,Calafiori,Arsenal,Defender,39,978,2.1,7.1,0.6,0,0,0,252.6,118.2,176,5.5
8,Jurriën,Timber,Arsenal,Defender,114,2415,3.8,20.7,2.6,0,0,0,393,296.8,254,5.5
9,Jakub,Kiwior,Arsenal,Defender,43,1117,2.5,7.8,0.1,0,0,0,267.2,91.3,32,5.5
10,Myles,Lewis-Skelly,Arsenal,Defender,37,1362,1.6,6.7,6.6,0,0,0,176,170.7,57,5.5
11,Benjamin,White,Arsenal,Defender,50,1195,2.9,9.1,0.7,0,0,0,247.6,162.6,100,5.5
12,Oleksandr,Zinchenko,Arsenal,Defender,40,518,2.7,8,0.3,0,0,0,83.4,92.8,66,5
13,Brayden,Clarke,Arsenal,Defender,0,0,0,0,0.7,0,0,0,0,0,0,4
14,Maldini,Kacurri,Arsenal,Defender,0,0,0,0,0.3,0,0,0,0,0,0,4
15,Josh,Nichols,Arsenal,Defender,0,0,0,0,0.3,0,0,0,0,0,0,4
16,Bukayo,Saka,Arsenal,Midfielder,127,1724,5.1,12.7,17.8,0,0,0,606,842.8,830,10
17,Martin,Ødegaard,Arsenal,Midfielder,116,2321,3.9,14.5,2.9,0,0,0,524.6,968.7,493,8
18,Noni,Madueke,Arsenal,Midfielder,120,2028,3.8,17.1,2.3,0,0,0,479.2,475.1,998,7
19,Gabriel,Martinelli Silva,Arsenal,Midfielder,125,2284,3.8,17.9,1.6,0,0,0,559.8,587.8,912,7
20,Leandro,Trossard,Arsenal,Midfielder,152,2546,4,21.7,1.7,0,0,0,609,617.6,798,7
21,Declan,Rice,Arsenal,Midfielder,127,2823,3.6,19.5,7.5,0,0,0,733,959.6,399,6.5
22,Mikel,Merino Zazón,Arsenal,Midfielder,92,1575,3.3,15.3,0.8,0,0,0,456.8,265.8,511,6
23,Fábio,Ferreira Vieira,Arsenal,Midfielder,0,0,0,0,0.1,0,0,0,0,0,0,5.5
24,Christian,Nørgaard,Arsenal,Midfielder,107,2820,3.1,19.5,0.7,0,0,0,735.4,333,409,5.5
25,Ethan,Nwaneri,Arsenal,Midfielder,66,882,2.5,12,0.6,0,0,0,293.2,282.8,255,5.5
26,Martín,Zubimendi Ibáñez,Arsenal,Midfielder,0,0,0,0,1.9,0,0,0,0,0,0,5.5
27,Reiss,Nelson,Arsenal,Midfielder,27,483,2.2,5.4,0.2,0,0,0,131.6,223.9,195,5
28,Ismeal,Kabia,Arsenal,Midfielder,0,0,0,0,0.4,0,0,0,0,0,0,4.5
29,Albert,Sambi Lokonga,Arsenal,Midfielder,0,0,0,0,0.2,0,0,0,0,0,0,4.5
30,Kai,Havertz,Arsenal,Forward,97,1872,4.2,12.9,2.3,0,0,0,467.6,269,711,7.5
31,Gabriel,Fernando de Jesus,Arsenal,Forward,42,600,2.5,6.5,0,0,0,0,154.4,119.5,255,6.5
32,Emiliano,Martínez Romero,Aston Villa,Goalkeeper,111,3195,3,22.2,0.5,0,0,0,839.6,20,0,5
33,Marco,Bizot,Aston Villa,Goalkeeper,0,0,0,0,0.3,0,0,0,0,0,0,4.5
34,Joe,Gauci,Aston Villa,Goalkeeper,0,0,0,0,1,0,0,0,0,0,0,4
35,Filip,Marschall,Aston Villa,Goalkeeper,0,0,0,0,0.3,0,0,0,0,0,0,4
36,Matty,Cash,Aston Villa,Defender,76,2069,2.8,16.9,1.5,0,0,0,359.2,181,171,4.5
37,Lucas,Digne,Aston Villa,Defender,89,2348,2.8,19.8,1.4,0,0,0,512.6,583.9,112,4.5
38,Ezri,Konsa Ngoyo,Aston Villa,Defender,103,2936,3,22.9,22.7,0,0,0,532.8,123.9,166,4.5
39,Ian,Maatsen,Aston Villa,Defender,57,1125,2,12.7,1.1,0,0,0,252,293.4,197,4.5
40,Tyrone,Mings,Aston Villa,Defender,47,1119,3.4,10.4,0.4,0,0,0,220.4,49.2,74,4.5
41,Pau,Torres,Aston Villa,Defender,55,2019,2.3,12.2,0.4,0,0,0,350.6,84.5,102,4.5
42,Andrés,García,Aston Villa,Defender,8,316,1.1,2,1,0,0,0,45.6,68.4,7,4
43,Álex,Moreno Lopera,Aston Villa,Defender,34,952,2.3,8.5,11.5,0,0,0,200.8,134.5,29,4
44,Lamare,Bogarde,Aston Villa,Defender,6,473,0.8,1.5,0.3,0,0,0,84.8,33.3,15,4
45,Lino,da Cruz Sousa,Aston Villa,Defender,0,0,0,0,0.3,0,0,0,0,0,0,4
46,Yasin,Özcan,Aston Villa,Defender,0,0,0,0,0.3,0,0,0,0,0,0,4
47,Morgan,Rogers,Aston Villa,Midfielder,161,3115,4.4,23,20.5,0,0,0,731.6,722.7,689,7
48,Youri,Tielemans,Aston Villa,Midfielder,121,3025,3.4,20.2,1.5,0,0,0,799.6,963.1,333,6
49,Leon,Bailey,Aston Villa,Midfielder,47,1132,2,8.5,0.4,0,0,0,146.4,235.8,325,5.5
50,Emiliano,Buendía Stati,Aston Villa,Midfielder,11,89,0.9,2,0.1,0,0,0,16.4,23.2,16,5.5
51,Samuel,Iling-Junior,Aston Villa,Midfielder,0,0,0,0,0.1,0,0,0,0,0,0,5.5
52,Jacob,Ramsey,Aston Villa,Midfielder,66,1616,2.3,12,0.6,0,0,0,235.4,307.9,245,5.5
53,Donyell,Malen,Aston Villa,Midfielder,34,296,2.4,6.2,0.6,0,0,0,138.2,42.7,208,5.5
54,John,McGinn,Aston Villa,Midfielder,78,2217,2.3,14.2,0.6,0,0,0,277.2,500.6,263,5.5
55,Ross,Barkley,Aston Villa,Midfielder,44,567,2.2,8.8,0.3,0,0,0,215.4,128.1,206,5
56,Enzo,Barrenechea,Aston Villa,Midfielder,0,0,0,0,0,0,0,0,0,0,0,5
57,Lewis,Dobbin,Aston Villa,Midfielder,0,0,0,0,0.1,0,0,0,0,0,0,5
58,Boubacar,Kamara,Aston Villa,Midfielder,57,1720,2.2,11.4,0.2,0,0,0,326.6,191,83,5
59,Amadou,Onana,Aston Villa,Midfielder,65,1613,2.5,13,1.8,0,0,0,358,194.8,215,5
60,Ben,Broggio,Aston Villa,Midfielder,0,0,0,0,0.3,0,0,0,0,0,0,4.5
61,Leander,Dendoncker,Aston Villa,Midfielder,0,0,0,0,0.4,0,0,0,0,0,0,4.5
62,Jamaldeen,Jimoh-Aloba,Aston Villa,Midfielder,0,0,0,0,0.1,0,0,0,0,0,0,4.5
63,Kadan,Young,Aston Villa,Midfielder,0,0,0,0,0.5,0,0,0,0,0,0,4.5
64,Ollie,Watkins,Aston Villa,Forward,186,2593,4.9,20.7,9.9,0,0,0,766,345.2,1148,9
65,Zépiqueno,Redmond,Aston Villa,Forward,0,0,0,0,1,0,0,0,0,0,0,4.5
182,James,Trafford,Burnley,Goalkeeper,0,0,0,0,3.4,0,0,0,0,0,0,5
183,Max,Weiß,Burnley,Goalkeeper,0,0,0,0,0.1,0,0,0,0,0,0,4.5
184,Etienne,Green,Burnley,Goalkeeper,0,0,0,0,0.4,0,0,0,0,0,0,4
185,Václav,Hladký,Burnley,Goalkeeper,0,0,0,0,0.4,0,0,0,0,0,0,4
186,Connor,Roberts,Burnley,Defender,0,0,0,0,0.2,0,0,0,0,0,0,4.5
187,Kyle,Walker,Burnley,Defender,13,966,0.9,2.9,2.5,0,0,0,157.4,147.7,29,4.5
188,Hannes,Delcroix,Burnley,Defender,0,0,0,0,0.5,0,0,0,0,0,0,4
189,Owen,Dodgson,Burnley,Defender,0,0,0,0,0.3,0,0,0,0,0,0,4
190,Hjalmar,Ekdal,Burnley,Defender,0,0,0,0,0.3,0,0,0,0,0,0,4
191,Maxime,Estève,Burnley,Defender,0,0,0,0,7.3,0,0,0,0,0,0,4
192,Quilindschy,Hartman,Burnley,Defender,0,0,0,0,0.4,0,0,0,0,0,0,4
193,Bashir,Humphreys,Burnley,Defender,0,0,0,0,0.5,0,0,0,0,0,0,4
194,Jordan,Beyer,Burnley,Defender,0,0,0,0,0.3,0,0,0,0,0,0,4
195,Lucas,Pires Silva,Burnley,Defender,0,0,0,0,0.3,0,0,0,0,0,0,4
196,Shurandy,Sambo,Burnley,Defender,0,0,0,0,0.2,0,0,0,0,0,0,4
197,Oliver,Sonne,Burnley,Defender,0,0,0,0,0.2,0,0,0,0,0,0,4
198,Axel,Tuanzebe,Burnley,Defender,27,1710,1.2,6.8,4.9,0,0,0,284.4,93.4,25,4
199,Joe,Worrall,Burnley,Defender,0,0,0,0,0.3,0,0,0,0,0,0,4
200,Jaidon,Anthony,Burnley,Midfielder,0,0,0,0,0.1,0,0,0,0,0,0,5.5
201,Manuel,Benson Hedilazio,Burnley,Midfielder,0,0,0,0,0,0,0,0,0,0,0,5.5
202,Jacob,Bruun Larsen,Burnley,Midfielder,0,0,0,0,0.1,0,0,0,0,0,0,5.5
203,Enock,Agyei,Burnley,Midfielder,0,0,0,0,0.1,0,0,0,0,0,0,5
204,Darko,Churlinov,Burnley,Midfielder,0,0,0,0,0.1,0,0,0,0,0,0,5
205,Josh,Cullen,Burnley,Midfielder,0,0,0,0,0.1,0,0,0,0,0,0,5
206,Marcus,Edwards,Burnley,Midfielder,0,0,0,0,0.2,0,0,0,0,0,0,5
207,Hannibal,Mejbri,Burnley,Midfielder,0,0,0,0,0.2,0,0,0,0,0,0,5
208,Luca,Koleosho,Burnley,Midfielder,0,0,0,0,0.1,0,0,0,0,0,0,5
209,Josh,Laurent,Burnley,Midfielder,0,0,0,0,0.1,0,0,0,0,0,0,5
210,Loum,Tchaouna,Burnley,Midfielder,0,0,0,0,0.1,0,0,0,0,0,0,5
211,Aaron,Ramsey,Burnley,Midfielder,0,0,0,0,11.1,0,0,0,0,0,0,4.5
212,Oluwaseun,Adewumi,Burnley,Midfielder,0,0,0,0,0.1,0,0,0,0,0,0,4.5
213,Jaydon,Banel,Burnley,Midfielder,0,0,0,0,0.1,0,0,0,0,0,0,4.5
214,Mike,Trésor Ndayishimiye,Burnley,Midfielder,0,0,0,0,0.1,0,0,0,0,0,0,4.5
215,Zian,Flemming,Burnley,Forward,0,0,0,0,0.3,0,0,0,0,0,0,5.5
216,Zeki,Amdouni,Burnley,Forward,0,0,0,0,0.5,0,0,0,0,0,0,5
217,Lyle,Foster,Burnley,Forward,0,0,0,0,0.4,0,0,0,0,0,0,5
218,Ashley,Barnes,Burnley,Forward,0,0,0,0,5.2,0,0,0,0,0,0,4.5
219,Michael,Obafemi,Burnley,Forward,0,0,0,0,1.1,0,0,0,0,0,0,4.5
66,Norberto,Murara Neto,Bournemouth,Goalkeeper,7,180,3.5,1.6,1.2,0,0,0,77.8,0,0,4.5
67,?or?e,Petrovi?,Bournemouth,Goalkeeper,0,0,0,0,5.3,0,0,0,0,0,0,4.5
68,Will,Dennis,Bournemouth,Goalkeeper,0,0,0,0,0.7,0,0,0,0,0,0,4
69,Callan,McKenna,Bournemouth,Goalkeeper,0,0,0,0,0.2,0,0,0,0,0,0,4
70,Alex,Paulsen,Bournemouth,Goalkeeper,0,0,0,0,0.2,0,0,0,0,0,0,4
71,Illia,Zabarnyi,Bournemouth,Defender,94,3109,2.6,18.8,0.6,0,0,0,651.4,177,88,5
72,Marcos,Senesi Barón,Bournemouth,Defender,31,1103,1.8,6.9,0.7,0,0,0,271.6,84.2,39,4.5
73,Adam,Smith,Bournemouth,Defender,57,1586,2.3,12.7,0.2,0,0,0,181.8,147.2,24,4.5
74,Adrien,Truffert,Bournemouth,Defender,0,0,0,0,2,0,0,0,0,0,0,4.5
75,Matai,Akinmboni,Bournemouth,Defender,0,0,0,0,0.4,0,0,0,0,0,0,4
76,Owen,Bevan,Bournemouth,Defender,0,0,0,0,0.4,0,0,0,0,0,0,4
77,James,Hill,Bournemouth,Defender,17,443,1.7,4.2,0.6,0,0,0,97,38.4,29,4
78,Julián,Araujo Zúñiga,Bournemouth,Defender,12,492,1,3,1.3,0,0,0,56.8,30.6,4,4
79,Chris,Mepham,Bournemouth,Defender,0,0,0,0,0.3,0,0,0,0,0,0,4
80,Julio,Soler Barreto,Bournemouth,Defender,3,9,1,0.8,0.4,0,0,0,2.2,1.8,0,4
81,Justin,Kluivert,Bournemouth,Midfielder,158,2339,4.6,22.6,5.3,0,0,0,700,654.1,771,7
82,Antoine,Semenyo,Bournemouth,Midfielder,165,3202,4.5,23.6,5.5,0,0,0,792.2,688.9,1204,7
83,Dango,Ouattara,Bournemouth,Midfielder,111,1998,3.5,18.5,0.3,0,0,0,624.6,496.8,754,6
84,Marcus,Tavernier,Bournemouth,Midfielder,87,1932,3,15.8,0.5,0,0,0,447,664.8,442,5.5
85,Tyler,Adams,Bournemouth,Midfielder,58,1959,2.1,11.6,0.2,0,0,0,411.8,261.2,83,5
86,David,Brooks,Bournemouth,Midfielder,52,941,1.8,10.4,0.2,0,0,0,193.6,316.7,300,5
87,Ryan,Christie,Bournemouth,Midfielder,76,2114,2.6,15.2,0.4,0,0,0,514,576.8,303,5
88,Lewis,Cook,Bournemouth,Midfielder,82,2976,2.3,16.4,0,0,0,0,607,727.1,114,5
89,Philip,Billing,Bournemouth,Midfielder,10,176,1,2,0.1,0,0,0,54,102.4,47,5
90,Alex,Scott,Bournemouth,Midfielder,26,745,1.3,5.2,0.1,0,0,0,141.6,171.6,118,5
91,Luis,Sinisterra Lucumí,Bournemouth,Midfielder,23,229,1.9,4.6,0.3,0,0,0,112,115.3,195,5
92,Romain,Faivre,Bournemouth,Midfielder,0,0,0,0,0.4,0,0,0,0,0,0,4.5
93,Hamed,Traorè,Bournemouth,Midfielder,0,0,0,0,0.3,0,0,0,0,0,0,4.5
94,Dominic,Sadi,Bournemouth,Midfielder,0,0,0,0,0.1,0,0,0,0,0,0,4.5
95,Zain,Silcott-Duberry,Bournemouth,Midfielder,1,1,1,0.2,0.7,0,0,0,2,1,0,4.5
96,Ben,Winterburn,Bournemouth,Midfielder,4,22,1,0.9,0.1,0,0,0,2.4,0.2,2,4.5
97,Francisco Evanilson,de Lima Barbosa,Bournemouth,Forward,128,2317,4.1,18.3,2.9,0,0,0,456,331.9,966,7
98,Enes,Ünal,Bournemouth,Forward,32,330,1.9,5.8,0,0,0,0,104,56.1,207,5.5
99,Daniel,Adu-Adjei,Bournemouth,Forward,0,0,0,0,0.5,0,0,0,0,0,0,4.5
100,Eli Junior,Kroupi,Bournemouth,Forward,0,0,0,0,2.1,0,0,0,0,0,0,4.5
101,Caoimhín,Kelleher,Brentford,Goalkeeper,45,900,4.5,10,32.2,0,0,0,224.2,0,0,4.5
102,Ellery,Balcombe,Brentford,Goalkeeper,0,0,0,0,0.3,0,0,0,0,0,0,4
103,Matthew,Cox,Brentford,Goalkeeper,0,0,0,0,0.2,0,0,0,0,0,0,4
104,Julian,Eyestone,Brentford,Goalkeeper,0,0,0,0,0.1,0,0,0,0,0,0,4
105,Hákon Rafn,Valdimarsson,Brentford,Goalkeeper,2,144,1,0.5,2.5,0,0,0,21.4,0.1,0,4
106,Nathan,Collins,Brentford,Defender,127,3420,3.3,25.4,1.4,0,0,0,1023.2,160.5,311,5
107,Keane,Lewis-Potter,Brentford,Defender,94,3092,2.5,18.8,0.4,0,0,0,542,462.2,391,5
108,Kristoffer,Ajer,Brentford,Defender,39,1433,1.6,8.7,0.2,0,0,0,199,128.1,158,4.5
109,Rico,Henry,Brentford,Defender,4,94,0.8,0.9,0.2,0,0,0,13.6,2.1,2,4.5
110,Michael,Kayode,Brentford,Defender,27,523,2.2,6,0.4,0,0,0,105.2,105.2,30,4.5
111,Ethan,Pinnock,Brentford,Defender,47,1912,2.1,10.4,0.3,0,0,0,540.2,101.2,193,4.5
112,Mads,Roerslev Rasmussen,Brentford,Defender,36,1100,1.9,8,0.1,0,0,0,214.4,185.8,78,4.5
113,Sepp,van den Berg,Brentford,Defender,62,2584,2,13.8,0.4,0,0,0,587.4,108.3,226,4.5
114,Benjamin,Arthur,Brentford,Defender,0,0,0,0,0.4,0,0,0,0,0,0,4
115,Benjamin,Fredrick,Brentford,Defender,0,0,0,0,0.3,0,0,0,0,0,0,4
116,Aaron,Hickey,Brentford,Defender,0,0,0,0,1.1,0,0,0,0,0,0,4
117,Kim,Ji-soo,Brentford,Defender,3,28,1,0.8,0.3,0,0,0,5,0.8,0,4
118,Jayden,Meghoma,Brentford,Defender,1,4,1,0.2,0.3,0,0,0,0.2,0.3,0,4
120,Kevin,Schade,Brentford,Midfielder,149,2281,3.9,21.3,2.6,0,0,0,630.8,312.7,892,7
121,Mikkel,Damsgaard,Brentford,Midfielder,131,2911,3.4,21.8,1.4,0,0,0,714.8,1006.4,338,6
122,Antoni,Milambo,Brentford,Midfielder,0,0,0,0,0.1,0,0,0,0,0,0,5.5
123,Fábio,Freitas Gouveia Carvalho,Brentford,Midfielder,35,443,1.8,7,0.4,0,0,0,142.2,71.5,154,5
124,Jordan,Henderson,Brentford,Midfielder,0,0,0,0,0.5,0,0,0,0,0,0,5
125,Vitaly,Janelt,Brentford,Midfielder,73,2251,2.3,14.6,0.2,0,0,0,356.6,284.2,131,5
126,Mathias,Jensen,Brentford,Midfielder,38,846,1.6,7.6,0.1,0,0,0,157,249.5,32,5
127,Gustavo,Nunes Fernandes Gomes,Brentford,Midfielder,3,11,1,0.6,0.1,0,0,0,10,0.3,2,5
128,Frank,Onyeka,Brentford,Midfielder,2,23,1,0.4,0.1,0,0,0,0,0.5,0,5
129,Yehor,Yarmoliuk,Brentford,Midfielder,43,1435,1.4,8.6,0.1,0,0,0,259.6,196.1,89,5
130,Romelle,Donovan,Brentford,Midfielder,0,0,0,0,0.1,0,0,0,0,0,0,4.5
131,Yunus Emre,Konak,Brentford,Midfielder,10,53,1,2.2,0.2,0,0,0,8,4.5,3,4.5
132,Paris,Maghoma,Brentford,Midfielder,8,112,1,1.8,0.1,0,0,0,27.8,15.8,10,4.5
133,Myles,Peart-Harris,Brentford,Midfielder,0,0,0,0,0.1,0,0,0,0,0,0,4.5
134,Ryan,Trevitt,Brentford,Midfielder,1,3,1,0.2,0.1,0,0,0,2.6,0.1,0,4.5
135,Yoane,Wissa,Brentford,Forward,185,2921,5.3,24.7,9.5,0,0,0,849.4,400,1181,7.5
136,Igor Thiago,Nascimento Rodrigues,Brentford,Forward,9,167,1.1,1.5,0.7,0,0,0,18.2,30.6,12,6
137,Iwan,Morgan,Brentford,Forward,0,0,0,0,0.6,0,0,0,0,0,0,4.5
138,Jason,Steele,Brighton,Goalkeeper,9,180,4.5,2,0.4,0,0,0,40.4,0,0,4.5
139,Bart,Verbruggen,Brighton,Goalkeeper,103,3240,2.9,22.9,6.4,0,0,0,849.8,10,0,4.5
140,Tom,McGill,Brighton,Goalkeeper,0,0,0,0,0.2,0,0,0,0,0,0,4
141,Carl,Rushworth,Brighton,Goalkeeper,0,0,0,0,0.2,0,0,0,0,0,0,4
142,Kjell,Scherpen,Brighton,Goalkeeper,0,0,0,0,0.1,0,0,0,0,0,0,4
143,Olivier,Boscagli,Brighton,Defender,0,0,0,0,0.2,0,0,0,0,0,0,4.5
144,Diego,Coppola,Brighton,Defender,0,0,0,0,0.1,0,0,0,0,0,0,4.5
145,Maxim,De Cuyper,Brighton,Defender,0,0,0,0,10.1,0,0,0,0,0,0,4.5
146,Lewis,Dunk,Brighton,Defender,44,2081,1.8,9.8,0.9,0,0,0,425.4,115.7,128,4.5
147,Pervis,Estupiñán Tenorio,Brighton,Defender,63,2399,2.1,14,1.7,0,0,0,504.4,530.1,173,4.5
148,Ferdi,Kad?o?lu,Brighton,Defender,19,385,3.2,4.2,0.4,0,0,0,116.4,83.7,40,4.5
149,Igor Julio,dos Santos de Paulo,Brighton,Defender,18,959,1.4,4,0.1,0,0,0,189.6,54.7,4,4.5
150,Tariq,Lamptey,Brighton,Defender,42,856,2.8,9.3,0.3,0,0,0,213.6,101,52,4.5
151,Jan Paul,van Hecke,Brighton,Defender,87,2960,2.6,19.3,1.2,0,0,0,736.6,261.8,182,4.5
152,Joël,Veltman,Brighton,Defender,59,1694,2.8,13.1,0.2,0,0,0,273,147.2,59,4.5
153,Adam,Webster,Brighton,Defender,39,885,2.8,8.7,0.1,0,0,0,198.4,49.7,55,4.5
154,Eiran,Cashin,Brighton,Defender,1,19,0.5,0.2,0.3,0,0,0,7,0.6,0,4
155,Jacob,Slater,Brighton,Defender,0,0,0,0,0.3,0,0,0,0,0,0,4
156,Charlie,Tasker,Brighton,Defender,0,0,0,0,0.3,0,0,0,0,0,0,4
157,Mitoma,Kaoru,Brighton,Midfielder,145,2597,4,22.3,5.5,0,0,0,670.6,578,856,6.5
158,Georginio,Rutter,Brighton,Midfielder,95,1651,3.4,15.8,0.6,0,0,0,355.4,281.8,404,6
159,Solly,March,Brighton,Midfielder,7,161,0.9,1.2,0.1,0,0,0,24,59.6,18,6
160,Yankuba,Minteh,Brighton,Midfielder,102,1831,3.2,17,0.8,0,0,0,523.8,448.9,615,6
161,Julio,Enciso Espínola,Brighton,Midfielder,59,1155,2.4,10.7,0.2,0,0,0,250.8,268.9,362,5.5
162,Brajan,Gruda,Brighton,Midfielder,45,676,2.1,8.2,0.1,0,0,0,196.6,311.6,187,5.5
163,Jack,Hinshelwood,Brighton,Midfielder,89,1839,3.4,16.2,0.2,0,0,0,394.6,268.1,304,5.5
164,Matt,O'Riley,Brighton,Midfielder,50,929,2.4,9.1,0.2,0,0,0,211.4,322.5,219,5.5
165,Abdallah,Sima,Brighton,Midfielder,0,0,0,0,0,0,0,0,0,0,0,5.5
166,Yasin,Ayari,Brighton,Midfielder,74,1958,2.2,14.8,0.2,0,0,0,363.2,507.5,247,5
167,Carlos,Baleba,Brighton,Midfielder,87,2660,2.6,17.4,4,0,0,0,515.4,343.7,193,5
168,Facundo,Buonanotte,Brighton,Midfielder,75,1508,2.4,15,0.4,0,0,0,415.8,415.8,318,5
169,Diego,Gómez Amarilla,Brighton,Midfielder,30,507,1.9,6,0.1,0,0,0,124.2,143.2,69,5
170,James,Milner,Brighton,Midfielder,6,170,1.5,1.2,0.1,0,0,0,28.6,66.3,12,5
171,Jeremy,Sarmiento Morante,Brighton,Midfielder,1,8,1,0.2,0.1,0,0,0,0.2,0.8,0,5
172,Tom,Watson,Brighton,Midfielder,0,0,0,0,0.1,0,0,0,0,0,0,5
173,Mats,Wieffer,Brighton,Midfielder,52,1003,2.1,10.4,0.1,0,0,0,328.8,230.4,129,5
174,Malick,Yalcouyé,Brighton,Midfielder,0,0,0,0,0.1,0,0,0,0,0,0,5
175,Joe,Knight,Brighton,Midfielder,0,0,0,0,0.1,0,0,0,0,0,0,4.5
176,Adrian,Mazilu,Brighton,Midfielder,0,0,0,0,0.1,0,0,0,0,0,0,4.5
177,Andrew,Moran,Brighton,Midfielder,0,0,0,0,0.1,0,0,0,0,0,0,4.5
178,Danny,Welbeck,Brighton,Forward,125,2109,4.2,19.2,8.2,0,0,0,550.2,331.3,676,6.5
179,Evan,Ferguson,Brighton,Forward,28,385,1.3,5.1,0.6,0,0,0,80,68.5,104,5.5
180,Stefanos,Tzimas,Brighton,Forward,0,0,0,0,0.1,0,0,0,0,0,0,5.5
181,Charalampos,Kostoulas,Brighton,Forward,0,0,0,0,1,0,0,0,0,0,0,5
220,Robert,Lynch Sánchez,Chelsea,Goalkeeper,126,2880,3.9,25.2,12.1,0,0,0,755.6,20,0,5
221,Filip,Jörgensen,Chelsea,Goalkeeper,18,540,3,4,0.2,0,0,0,157.6,0,0,4.5
222,Mike,Penders,Chelsea,Goalkeeper,0,0,0,0,0.1,0,0,0,0,0,0,4
223,Gabriel,S?onina,Chelsea,Goalkeeper,0,0,0,0,0.1,0,0,0,0,0,0,4
224,Marc,Cucurella Saseta,Chelsea,Defender,133,2988,3.7,22.2,20.8,0,0,0,668.6,350.6,358,6
225,Reece,James,Chelsea,Defender,54,1057,2.8,9.8,4.8,0,0,0,207.6,202.1,56,5.5
226,Trevoh,Chalobah,Chelsea,Defender,93,1969,3.7,18.6,0.7,0,0,0,496.4,124.2,222,5
227,Levi,Samuels Colwill,Chelsea,Defender,109,3150,3.1,21.8,5.2,0,0,0,692,214.3,185,5
228,Malo,Gusto,Chelsea,Defender,60,1853,1.9,12,2.5,0,0,0,336.8,394.6,147,5
229,Benoît,Badiashile Mukinayi,Chelsea,Defender,7,332,1.4,1.6,0.1,0,0,0,66,12.6,0,4.5
230,Wesley,Fofana,Chelsea,Defender,26,1172,1.9,5.8,0.2,0,0,0,200.2,85,33,4.5
231,Mamadou,Sarr,Chelsea,Defender,0,0,0,0,0.1,0,0,0,0,0,0,4.5
232,Tosin,Adarabioyo,Chelsea,Defender,71,1403,3.2,15.8,0.4,0,0,0,352.2,48.2,92,4.5
233,Josh,Acheampong,Chelsea,Defender,4,168,1,1,0.3,0,0,0,13.6,2.5,13,4
234,Aarón,Anselmino,Chelsea,Defender,0,0,0,0,0.2,0,0,0,0,0,0,4
235,Cole,Palmer,Chelsea,Midfielder,214,3193,5.8,20.4,49.8,0,0,0,1068.2,1259.2,1052,10.5
236,Pedro,Lomba Neto,Chelsea,Midfielder,104,2262,3,14.9,5.3,0,0,0,492,762.7,545,7
237,Enzo,Fernández,Chelsea,Midfielder,135,2943,3.8,20.8,4.5,0,0,0,761.6,1131.6,517,6.5
238,Estêvão,Almeida de Oliveira Gonçalves,Chelsea,Midfielder,0,0,0,0,0.5,0,0,0,0,0,0,6.5
239,Jamie,Bynoe-Gittens,Chelsea,Midfielder,0,0,0,0,0.4,0,0,0,0,0,0,6.5
240,Christopher,Nkunku,Chelsea,Midfielder,60,904,2.2,10,0.2,0,0,0,230.2,204.9,339,6
241,Moisés,Caicedo Corozo,Chelsea,Midfielder,98,3351,2.6,17.8,7.8,0,0,0,627.6,568.8,95,5.5
242,Kiernan,Dewsbury-Hall,Chelsea,Midfielder,18,257,1.4,3.6,0.1,0,0,0,57.4,47.4,21,5
243,Tyrique,George,Chelsea,Midfielder,17,177,2.1,3.4,0.1,0,0,0,67.4,72.7,32,5
244,Roméo,Lavia,Chelsea,Midfielder,26,792,1.6,5.2,0.2,0,0,0,113.2,121.7,7,5
245,Mykhailo,Mudryk,Chelsea,Midfielder,7,145,1,1.4,0,0,0,0,23.2,31.5,31,5
246,Andrey,Nascimento dos Santos,Chelsea,Midfielder,0,0,0,0,0.6,0,0,0,0,0,0,4.5
247,Dário,Luís Essugo,Chelsea,Midfielder,0,0,0,0,0.1,0,0,0,0,0,0,4.5
248,Kendry,Páez Andrade,Chelsea,Midfielder,0,0,0,0,0.1,0,0,0,0,0,0,4.5
249,João Pedro,Junqueira de Jesus,Chelsea,Forward,126,1946,4.7,16.8,60.4,0,0,0,567,456,644,7.5
250,Liam,Delap,Chelsea,Forward,132,2587,3.6,20.3,4.9,0,0,0,513,290.5,783,6.5
251,Nicolas,Jackson,Chelsea,Forward,121,2220,4,18.6,0.1,0,0,0,546.4,368.3,976,6.5
252,Marc,Guiu Paz,Chelsea,Forward,3,71,1,0.7,0.8,0,0,0,4.4,11.8,6,4.5
253,Dean,Henderson,Crystal Palace,Goalkeeper,135,3420,3.6,27,3.2,0,0,0,853.6,30,4,5
254,Walter,Benítez,Crystal Palace,Goalkeeper,0,0,0,0,0.5,0,0,0,0,0,0,4
255,Remi,Matthews,Crystal Palace,Goalkeeper,0,0,0,0,0.1,0,0,0,0,0,0,4
256,Daniel,Muñoz Mejía,Crystal Palace,Defender,142,3229,3.8,25.8,9.4,0,0,0,816.6,634.2,524,5.5
257,Maxence,Lacroix,Crystal Palace,Defender,114,3116,3.3,22.8,0.8,0,0,0,723.8,113.7,277,5
258,Tyrick,Mitchell,Crystal Palace,Defender,123,3090,3.3,24.6,0.8,0,0,0,630.8,559.1,170,5
259,Borna,Sosa,Crystal Palace,Defender,0,0,0,0,0.1,0,0,0,0,0,0,5
260,Marc,Guéhi,Crystal Palace,Defender,116,3059,3.4,25.8,13.7,0,0,0,827,237.6,247,4.5
261,Chris,Richards,Crystal Palace,Defender,68,1921,2.8,15.1,0.3,0,0,0,470.8,45,181,4.5
262,Chadi,Riad Dnanou,Crystal Palace,Defender,1,90,1,0.2,0,0,0,0,18.2,1.3,0,4
263,Nathaniel,Clyne,Crystal Palace,Defender,18,477,1.4,4.5,0.7,0,0,0,66.6,51.8,8,4
264,Rob,Holding,Crystal Palace,Defender,0,0,0,0,0.4,0,0,0,0,0,0,4
265,Caleb,Kporha,Crystal Palace,Defender,2,11,1,0.5,0.2,0,0,0,8,4.6,0,4
266,Eberechi,Eze,Crystal Palace,Midfielder,148,2588,4.4,19.7,8.2,0,0,0,685,849.2,691,7.5
267,Ismaïla,Sarr,Crystal Palace,Midfielder,149,2708,3.9,22.9,1.9,0,0,0,675,618,866,6.5
268,Cheick,Doucouré,Crystal Palace,Midfielder,19,443,1.5,3.8,0,0,0,0,58.6,25.7,23,5
269,Romain,Esse,Crystal Palace,Midfielder,22,138,3.1,4.4,0.3,0,0,0,74.8,38.4,51,5
270,Will,Hughes,Crystal Palace,Midfielder,67,2100,2,13.4,0.1,0,0,0,335.2,462.6,90,5
271,Daichi,Kamada,Crystal Palace,Midfielder,45,1545,1.3,9,0.1,0,0,0,219.2,314.1,145,5
272,Jefferson,Lerma Solís,Crystal Palace,Midfielder,58,2270,1.8,11.6,0.1,0,0,0,401.4,190.2,197,5
273,Adam,Wharton,Crystal Palace,Midfielder,42,1314,2.1,8.4,0.7,0,0,0,261.2,381.4,69,5
274,Asher,Agbinone,Crystal Palace,Midfielder,2,4,1,0.4,0.1,0,0,0,4,10.6,1,4.5
275,Naouirou,Ahamada,Crystal Palace,Midfielder,0,0,0,0,0.1,0,0,0,0,0,0,4.5
276,Justin,Devenny,Crystal Palace,Midfielder,34,494,1.5,7.6,1.5,0,0,0,138.8,101.8,90,4.5
277,Malcolm,Ebiowei,Crystal Palace,Midfielder,0,0,0,0,0.1,0,0,0,0,0,0,4.5
278,Jesurun,Rak-Sakyi,Crystal Palace,Midfielder,0,0,0,0,0.2,0,0,0,0,0,0,4.5
279,Matheus,França de Oliveira,Crystal Palace,Midfielder,9,52,2.2,2,0.2,0,0,0,48.4,1.2,66,4.5
280,David,Ozoh,Crystal Palace,Midfielder,0,0,0,0,0.1,0,0,0,0,0,0,4.5
281,Kaden,Rodney,Crystal Palace,Midfielder,0,0,0,0,0.1,0,0,0,0,0,0,4.5
282,Franco,Umeh-Chibueze,Crystal Palace,Midfielder,0,0,0,0,0,0,0,0,0,0,0,4.5
283,Jean-Philippe,Mateta,Crystal Palace,Forward,150,2642,4.1,20,6.5,0,0,0,671.6,405.4,800,7.5
284,Eddie,Nketiah,Crystal Palace,Forward,53,1018,1.8,9.6,1.5,0,0,0,192.2,163.7,475,5.5
285,Odsonne,Édouard,Crystal Palace,Forward,7,141,1.2,1.4,1,0,0,0,5,25,50,5
286,Zach,Marsh,Crystal Palace,Forward,0,0,0,0,0.4,0,0,0,0,0,0,4.5
287,Jordan,Pickford,Everton,Goalkeeper,158,3420,4.2,28.7,14.4,0,0,0,1052,20.3,0,5.5
288,Mark,Travers,Everton,Goalkeeper,19,450,3.8,4.2,0.2,0,0,0,146.4,0,0,4.5
289,Harry,Tyrer,Everton,Goalkeeper,0,0,0,0,0.2,0,0,0,0,0,0,4
290,Jarrad,Branthwaite,Everton,Defender,88,2509,2.9,16,2,0,0,0,624.6,57.7,130,5.5
291,James,Tarkowski,Everton,Defender,105,2922,3.2,19.1,4.9,0,0,0,859,188.8,217,5.5
292,Vitalii,Mykolenko,Everton,Defender,121,3082,3.5,24.2,4.9,0,0,0,621.4,428.5,100,5
293,Jake,O'Brien,Everton,Defender,65,1568,3.2,13,0.4,0,0,0,341.4,108.9,109,5
294,Séamus,Coleman,Everton,Defender,5,214,1,1.1,0.2,0,0,0,42.4,3.8,23,4.5
295,Michael,Keane,Everton,Defender,48,1046,3.4,10.7,0.3,0,0,0,306.6,23.2,123,4.5
296,Nathan,Patterson,Everton,Defender,14,342,1.4,3.1,0.2,0,0,0,71.6,70.3,12,4.5
297,Roman,Dixon,Everton,Defender,0,90,0,0,0.3,0,0,0,15.4,0.3,0,4
298,Reece,Welch,Everton,Defender,0,0,0,0,0.3,0,0,0,0,0,0,4
299,Iliman,Ndiaye,Everton,Midfielder,114,2426,3.5,17.5,11,0,0,0,598,326.4,493,6.5
300,Dwight,McNeil,Everton,Midfielder,93,1366,4.4,15.5,1.3,0,0,0,392,631.8,207,6
301,Carlos,Alcaraz Durán,Everton,Midfielder,44,766,2.8,8,0.3,0,0,0,219.4,205.7,227,5.5
302,Idrissa Gana,Gueye,Everton,Midfielder,89,3063,2.4,16.2,0.1,0,0,0,522,327.2,117,5.5
303,James,Garner,Everton,Midfielder,42,1590,2,8.4,0.1,0,0,0,264.8,248.2,93,5
304,Tim,Iroegbunam,Everton,Midfielder,22,562,1.2,4.4,0.1,0,0,0,122.2,40.9,32,5
305,Harrison,Armstrong,Everton,Midfielder,2,47,0.7,0.4,0.4,0,0,0,1.8,10.9,9,4.5
306,Callum,Bates,Everton,Midfielder,0,0,0,0,0.1,0,0,0,0,0,0,4.5
307,Coby,Ebere,Everton,Midfielder,0,0,0,0,0,0,0,0,0,0,0,4.5
308,Isaac,Heath,Everton,Midfielder,0,0,0,0,0.1,0,0,0,0,0,0,4.5
309,Jenson,Metcalfe,Everton,Midfielder,0,0,0,0,0.1,0,0,0,0,0,0,4.5
310,Thierno,Barry,Everton,Forward,0,0,0,0,2,0,0,0,0,0,0,6
311,Norberto Bercique,Gomes Betuncal,Everton,Forward,87,1521,2.9,15.8,16.5,0,0,0,373.2,163.9,666,5.5
312,Youssef,Ramalho Chermiti,Everton,Forward,3,42,0.8,0.6,0.3,0,0,0,2.4,0.6,27,5
313,Martin,Sherif,Everton,Forward,0,0,0,0,0.3,0,0,0,0,0,0,4.5
314,Bernd,Leno,Fulham,Goalkeeper,115,3420,3,23,1.6,0,0,0,967,20,0,5
315,Steven,Benda,Fulham,Goalkeeper,0,0,0,0,0.2,0,0,0,0,0,0,4
316,Antonee,Robinson,Fulham,Defender,106,3166,2.9,21.2,7.1,0,0,0,922.2,723.4,206,5
317,Joachim,Andersen,Fulham,Defender,51,2673,1.7,11.3,0.5,0,0,0,687.6,99,162,4.5
318,Calvin,Bassey,Fulham,Defender,75,3074,2.1,16.7,0.4,0,0,0,587.2,96.7,157,4.5
319,Timothy,Castagne,Fulham,Defender,46,1642,1.9,10.2,0.2,0,0,0,360.4,163.6,123,4.5
320,Issa,Diop,Fulham,Defender,31,1334,1.5,6.9,0.1,0,0,0,257.6,44.7,83,4.5
321,Jorge,Cuenca Barreno,Fulham,Defender,9,349,1.1,2,0.1,0,0,0,81.2,2.3,4,4.5
322,Kenny,Tete,Fulham,Defender,49,1773,2.2,10.9,0.2,0,0,0,381.2,192.2,158,4.5
323,Samuel,Amissah,Fulham,Defender,0,0,0,0,0.3,0,0,0,0,0,0,4
324,Alex,Iwobi,Fulham,Midfielder,156,2981,4.1,24,1.2,0,0,0,806.8,922.4,699,6.5
325,Emile,Smith Rowe,Fulham,Midfielder,114,2036,3.4,19,1.2,0,0,0,433.8,422.3,386,6
326,Adama,Traoré Diarra,Fulham,Midfielder,95,1756,2.6,17.3,0.3,0,0,0,385.4,632.1,426,5.5
327,Andreas,Hoelgebaum Pereira,Fulham,Midfielder,81,2004,2.5,14.7,0.4,0,0,0,326.6,868.3,300,5.5
328,Ryan,Sessegnon,Fulham,Midfielder,57,574,3.6,10.4,0.2,0,0,0,284,158.8,227,5.5
329,Harry,Wilson,Fulham,Midfielder,78,1148,3.1,14.2,0.2,0,0,0,334.6,310.2,440,5.5
330,Sander,Berge,Fulham,Midfielder,53,2221,1.7,10.6,0.1,0,0,0,314.4,285.7,51,5
331,Tom,Cairney,Fulham,Midfielder,33,610,1.3,6.6,0.1,0,0,0,163.8,213.8,94,5
332,Saša,Luki?,Fulham,Midfielder,56,2348,1.9,11.2,0.1,0,0,0,335.6,455.1,119,5
333,Martial,Godo,Fulham,Midfielder,2,21,1,0.4,0.1,0,0,0,3.4,12,14,4.5
334,Luke,Harris,Fulham,Midfielder,0,0,0,0,0.1,0,0,0,0,0,0,4.5
335,Josh,King,Fulham,Midfielder,10,126,1.2,2.2,0.3,0,0,0,26.2,45.7,38,4.5
336,Harrison,Reed,Fulham,Midfielder,10,100,0.8,2.2,0.3,0,0,0,18.6,20.6,33,4.5
337,Raúl,Jiménez Rodríguez,Fulham,Forward,147,2486,3.9,22.6,2.4,0,0,0,612.8,372.2,1018,6.5
338,Rodrigo,Muniz Carvalho,Fulham,Forward,86,943,2.8,15.6,2.8,0,0,0,352.4,95.3,508,5.5
339,Illan,Meslier,Leeds,Goalkeeper,0,0,0,0,1.4,0,0,0,0,0,0,4.5
340,Alex,Cairns,Leeds,Goalkeeper,0,0,0,0,0.4,0,0,0,0,0,0,4
341,Karl,Darlow,Leeds,Goalkeeper,0,0,0,0,8.8,0,0,0,0,0,0,4
342,Jayden,Bogle,Leeds,Defender,0,0,0,0,1,0,0,0,0,0,0,4.5
343,Pascal,Struijk,Leeds,Defender,0,0,0,0,0.4,0,0,0,0,0,0,4.5
344,Jaka,Bijol,Leeds,Defender,0,0,0,0,0.3,0,0,0,0,0,0,4
345,Sebastiaan,Bornauw,Leeds,Defender,0,0,0,0,0.4,0,0,0,0,0,0,4
346,Sam,Byram,Leeds,Defender,0,0,0,0,0.4,0,0,0,0,0,0,4
347,Gabriel,Gudmundsson,Leeds,Defender,0,0,0,0,1.7,0,0,0,0,0,0,4
348,Joe,Rodon,Leeds,Defender,0,0,0,0,1.9,0,0,0,0,0,0,4
349,Isaac,Schmidt,Leeds,Defender,0,0,0,0,0.3,0,0,0,0,0,0,4
350,Brenden,Aaronson,Leeds,Midfielder,0,0,0,0,0.1,0,0,0,0,0,0,5.5
351,Wilfried,Gnonto,Leeds,Midfielder,0,0,0,0,1,0,0,0,0,0,0,5.5
352,Jack,Harrison,Leeds,Midfielder,81,2068,2.4,14.7,0.2,0,0,0,277,527.7,288,5.5
353,Daniel,James,Leeds,Midfielder,0,0,0,0,1.2,0,0,0,0,0,0,5.5
354,Ethan,Ampadu,Leeds,Midfielder,0,0,0,0,0.2,0,0,0,0,0,0,5
355,Sam,Greenwood,Leeds,Midfielder,0,0,0,0,0.2,0,0,0,0,0,0,5
356,Ilia,Gruev,Leeds,Midfielder,0,0,0,0,0.1,0,0,0,0,0,0,5
357,Largie,Ramazani,Leeds,Midfielder,0,0,0,0,0.1,0,0,0,0,0,0,5
358,Tanaka,Ao,Leeds,Midfielder,0,0,0,0,0.6,0,0,0,0,0,0,5
359,Charlie,Crew,Leeds,Midfielder,0,0,0,0,0.1,0,0,0,0,0,0,4.5
360,Joe,Gelhardt,Leeds,Midfielder,0,0,0,0,0.4,0,0,0,0,0,0,4.5
361,Darko,Gyabi,Leeds,Midfielder,0,0,0,0,0.1,0,0,0,0,0,0,4.5
362,Joël,Piroe,Leeds,Forward,0,0,0,0,3.5,0,0,0,0,0,0,5.5
363,Patrick,Bamford,Leeds,Forward,0,0,0,0,3.7,0,0,0,0,0,0,5
364,Mateo,Joseph Fernández-Regatillo,Leeds,Forward,0,0,0,0,0.3,0,0,0,0,0,0,5
365,Lukas,Nmecha,Leeds,Forward,0,0,0,0,1.1,0,0,0,0,0,0,5
493,Sean,Longstaff,Leeds,Midfielder,34,783,1.4,6.8,0.4,0,0,0,117.2,78.4,76,5
660,Anton,Stach,Leeds,Midfielder,0,0,0,0,0,0,0,0,0,0,0,5
366,Alisson,Becker,Liverpool,Goalkeeper,112,2508,4,20.4,10.2,0,0,0,628.8,13,0,5.5
367,Giorgi,Mamardashvili,Liverpool,Goalkeeper,0,0,0,0,0.7,0,0,0,0,0,0,4.5
368,Ármin,Pécsi,Liverpool,Goalkeeper,0,0,0,0,0.1,0,0,0,0,0,0,4
369,Freddie,Woodman,Liverpool,Goalkeeper,0,0,0,0,0.1,0,0,0,0,0,0,4
370,Jeremie,Frimpong,Liverpool,Defender,0,0,0,0,29.2,0,0,0,0,0,0,6
371,Milos,Kerkez,Liverpool,Defender,134,3336,3.5,22.3,14.3,0,0,0,694,642,238,6
372,Andrew,Robertson,Liverpool,Defender,91,2479,2.8,15.2,2.6,0,0,0,395.4,668.7,182,6
373,Virgil,van Dijk,Liverpool,Defender,143,3330,3.9,23.8,17.7,0,0,0,932.6,206.6,299,6
374,Ibrahima,Konaté,Liverpool,Defender,106,2561,3.4,19.3,2.5,0,0,0,578,161.4,133,5.5
375,Conor,Bradley,Liverpool,Defender,41,744,2.2,8.2,0.8,0,0,0,156.2,110.5,162,5
376,Joe,Gomez,Liverpool,Defender,14,517,1.6,2.8,0.2,0,0,0,130.4,38.5,58,5
377,Konstantinos,Tsimikas,Liverpool,Defender,43,829,2.4,8.6,0.1,0,0,0,202,260.7,60,5
378,Amara,Nallo,Liverpool,Defender,0,0,0,0,0.2,0,0,0,0,0,0,4
379,Rhys,Williams,Liverpool,Defender,0,0,0,0,0.3,0,0,0,0,0,0,4
380,Calvin,Ramsay,Liverpool,Defender,0,0,0,0,0.3,0,0,0,0,0,0,4
381,Mohamed,Salah,Liverpool,Midfielder,344,3374,9.1,23.7,57.4,0,0,0,1577,1199.2,1985,14.5
382,Florian,Wirtz,Liverpool,Midfielder,0,0,0,0,37.7,0,0,0,0,0,0,8.5
383,Luis,Díaz Marulanda,Liverpool,Midfielder,183,2393,5.1,22.9,2.4,0,0,0,770.8,748,946,8
384,Cody,Gakpo,Liverpool,Midfielder,127,1921,3.6,16.9,1.8,0,0,0,597,517.7,686,7.5
385,Federico,Chiesa,Liverpool,Midfielder,7,103,1.2,1.1,0.1,0,0,0,9,23.5,36,6.5
386,Alexis,Mac Allister,Liverpool,Midfielder,122,2597,3.5,18.8,1.4,0,0,0,653.4,731.3,357,6.5
387,Dominik,Szoboszlai,Liverpool,Midfielder,143,2485,4,22,1.1,0,0,0,589.8,794.8,601,6.5
388,Curtis,Jones,Liverpool,Midfielder,87,1702,2.6,15.8,0.1,0,0,0,397.2,343.7,400,5.5
389,Harvey,Elliott,Liverpool,Midfielder,33,359,1.8,6,0.3,0,0,0,118.6,145.8,143,5.5
390,Ryan,Gravenberch,Liverpool,Midfielder,92,3160,2.5,16.7,0.1,0,0,0,550.6,473.9,121,5.5
391,Ben,Doak,Liverpool,Midfielder,0,0,0,0,0.1,0,0,0,0,0,0,5
392,Endo,Wataru,Liverpool,Midfielder,21,259,1.1,4.2,0.1,0,0,0,57.6,38.2,6,5
393,Stefan,Baj?eti? Maquieira,Liverpool,Midfielder,0,0,0,0,0.1,0,0,0,0,0,0,4.5
394,James,McConnell,Liverpool,Midfielder,0,0,0,0,0,0,0,0,0,0,0,4.5
395,Tyler,Morton,Liverpool,Midfielder,0,0,0,0,0,0,0,0,0,0,0,4.5
396,Trey,Nyoni,Liverpool,Midfielder,0,0,0,0,0.1,0,0,0,0,0,0,4.5
397,Darwin,Núñez Ribeiro,Liverpool,Forward,66,1113,2.2,10.2,2.7,0,0,0,263.8,151.6,404,6.5
398,Jayden,Danns,Liverpool,Forward,1,10,1,0.2,0.2,0,0,0,0,0.3,0,4.5
661,Hugo,Ekitiké,Liverpool,Forward,0,0,0,0,2.1,0,0,0,0,0,0,8.5
399,Ederson,Santana de Moraes,Man City,Goalkeeper,111,2320,4.3,20.2,3.9,0,0,0,567,43,0,5.5
400,Stefan,Ortega Moreno,Man City,Goalkeeper,35,1099,2.7,7,0.6,0,0,0,292.6,0,0,5
401,Marcus,Bettinelli,Man City,Goalkeeper,0,0,0,0,0.3,0,0,0,0,0,0,4
402,Rayan,Aït-Nouri,Man City,Defender,125,3112,3.4,20.8,28.1,0,0,0,778.4,694.3,435,6
403,Joško,Gvardiol,Man City,Defender,153,3278,4.1,25.5,17.6,0,0,0,847,501.7,497,6
404,Manuel,Akanji,Man City,Defender,61,2012,2.3,11.1,0.5,0,0,0,339.8,249.8,100,5.5
405,Nathan,Aké,Man City,Defender,25,677,2.5,4.5,0.4,0,0,0,104.6,33.7,20,5.5
406,Abdukodir,Khusanov,Man City,Defender,14,503,2.3,2.5,0.3,0,0,0,102,33.9,4,5.5
407,Matheus,Nunes,Man City,Defender,81,1670,3.1,14.7,0.6,0,0,0,370.4,422.4,206,5.5
408,Rúben,dos Santos Gato Alves Dias,Man City,Defender,90,2269,3.3,16.4,2,0,0,0,478.2,173.8,150,5.5
409,John,Stones,Man City,Defender,29,544,2.6,5.3,0.4,0,0,0,155.6,49.8,70,5.5
410,Rico,Lewis,Man City,Defender,66,1888,2.4,13.2,0.6,0,0,0,293.8,218.6,139,5
411,Nico,O'Reilly,Man City,Defender,31,525,3.4,6.2,0.2,0,0,0,133.4,76.2,112,5
412,Vitor,de Oliveira Nunes dos Reis,Man City,Defender,1,1,1,0.2,0.1,0,0,0,3.2,0,0,5
413,Omar,Marmoush,Man City,Midfielder,73,1174,4.6,8.6,16.1,0,0,0,318,246.7,410,8.5
414,Phil,Foden,Man City,Midfielder,105,1771,3.8,13.1,3.4,0,0,0,448,749,449,8
415,Sávio,Moreira de Oliveira,Man City,Midfielder,106,1760,3.7,15.1,2.2,0,0,0,415.2,682.9,671,7
416,Bernardo,Mota Veiga de Carvalho e Silva,Man City,Midfielder,110,2667,3.3,16.9,0.5,0,0,0,603,800.4,532,6.5
417,Rayan,Cherki,Man City,Midfielder,0,0,0,0,11.3,0,0,0,0,0,0,6.5
418,Jérémy,Doku,Man City,Midfielder,88,1506,3,13.5,1.2,0,0,0,453.8,515.9,528,6.5
419,Jack,Grealish,Man City,Midfielder,38,710,1.9,5.8,0.1,0,0,0,157.2,321.4,234,6.5
420,?lkay,Gündo?an,Man City,Midfielder,97,2218,2.9,14.9,0.1,0,0,0,387,781.3,273,6.5
421,Rodrigo 'Rodri',Hernandez Cascante,Man City,Midfielder,3,72,1,0.5,1.6,0,0,0,12.2,17.5,0,6.5
422,Mateo,Kova?i?,Man City,Midfielder,109,2194,3.5,18.2,0,0,0,0,606.4,579.3,204,6
423,Nico,González Iglesias,Man City,Midfielder,31,760,2.8,5.2,0.1,0,0,0,137.2,78.7,62,6
424,Oscar,Bobb,Man City,Midfielder,3,14,1,0.5,0.2,0,0,0,4.4,12.6,0,5.5
425,Claudio,Echeverri,Man City,Midfielder,1,5,1,0.2,0.1,0,0,0,2.2,0.4,0,5.5
426,James,McAtee,Man City,Midfielder,31,340,2.1,5.6,0.1,0,0,0,113,64.6,136,5.5
427,Tijjani,Reijnders,Man City,Midfielder,0,0,0,0,4.9,0,0,0,0,0,0,5.5
428,Sverre,Nypan,Man City,Midfielder,0,0,0,0,0.1,0,0,0,0,0,0,5
429,Kalvin,Phillips,Man City,Midfielder,27,1231,1.4,5.4,0.1,0,0,0,181.8,116.2,41,5
430,Erling,Haaland,Man City,Forward,181,2736,5.8,12.9,18.2,0,0,0,946,359.4,1511,14
119,Bryan,Mbeumo,Man Utd,Midfielder,236,3415,6.2,29.5,19.4,0,0,0,1236.8,1107.5,1060,8
431,Altay,Bay?nd?r,Man Utd,Goalkeeper,8,360,2,1.6,0.6,0,0,0,80,0,0,5
432,André,Onana,Man Utd,Goalkeeper,120,3060,3.5,24,0.1,0,0,0,733,13,0,5
433,Elyh,Harrison,Man Utd,Goalkeeper,0,0,0,0,0.1,0,0,0,0,0,0,4
434,Tom,Heaton,Man Utd,Goalkeeper,0,0,0,0,0.4,0,0,0,0,0,0,4
435,Dermot,Mee,Man Utd,Goalkeeper,0,0,0,0,0.2,0,0,0,0,0,0,4
436,Matthijs,de Ligt,Man Utd,Defender,68,2119,2.3,13.6,0.8,0,0,0,518.4,88.7,303,5
437,Lisandro,Martínez,Man Utd,Defender,68,1751,3.4,13.6,0.5,0,0,0,426.6,153.9,158,5
438,Noussair,Mazraoui,Man Utd,Defender,88,2836,2.4,17.6,1.1,0,0,0,619.4,332.7,123,5
439,Diego,León Blanco,Man Utd,Defender,0,0,0,0,0.2,0,0,0,0,0,0,4.5
440,Diogo,Dalot Teixeira,Man Utd,Defender,95,2812,2.9,21.1,2.8,0,0,0,493.2,434.2,264,4.5
441,Patrick,Dorgu,Man Utd,Defender,18,840,1.5,4,1.6,0,0,0,106.4,175.3,112,4.5
442,Harry,Maguire,Man Utd,Defender,48,1751,1.8,10.7,0.6,0,0,0,411.4,111.5,237,4.5
443,Luke,Shaw,Man Utd,Defender,5,346,0.7,1.1,0.2,0,0,0,48.2,68.2,11,4.5
444,Leny,Yoro,Man Utd,Defender,22,1160,1,4.9,1,0,0,0,207.4,55.8,54,4.5
445,Harry,Amass,Man Utd,Defender,4,345,0.8,1,0.3,0,0,0,40,26.5,15,4
446,Tyler,Fredricson,Man Utd,Defender,2,166,1,0.5,0.2,0,0,0,37.4,4.9,2,4
447,Ayden,Heaven,Man Utd,Defender,10,169,2.5,2.5,2.6,0,0,0,43.4,12.9,8,4
448,Tyrell,Malacia,Man Utd,Defender,2,99,0.7,0.5,0.4,0,0,0,5.2,13.9,0,4
449,Bruno,Borges Fernandes,Man Utd,Midfielder,174,3017,4.8,19.3,8.4,0,0,0,1017.8,1407.7,587,9
450,Matheus,Santos Carneiro da Cunha,Man Utd,Midfielder,178,2596,5.4,22.2,13.8,0,0,0,936.2,847.8,940,8
451,Marcus,Rashford,Man Utd,Midfielder,95,1414,3.8,13.6,1.4,0,0,0,398.4,451.1,369,7
452,Amad,Diallo,Man Utd,Midfielder,129,1898,5,19.8,3.7,0,0,0,634,687.2,615,6.5
453,Alejandro,Garnacho Ferreyra,Man Utd,Midfielder,106,2188,2.9,16.3,0.1,0,0,0,454,532.2,904,6.5
454,Antony,dos Santos,Man Utd,Midfielder,8,135,1,1.3,0.1,0,0,0,35,50.7,74,6
455,Mason,Mount,Man Utd,Midfielder,25,613,1.5,4.2,0.1,0,0,0,104,140,218,6
456,Jadon,Sancho,Man Utd,Midfielder,86,1754,2.8,14.3,0.1,0,0,0,340,523.2,414,6
457,Carlos Henrique,Casimiro,Man Utd,Midfielder,48,1489,2,8.7,0.1,0,0,0,433.2,348.2,265,5.5
458,Kobbie,Mainoo,Man Utd,Midfielder,42,1646,1.7,8.4,0.9,0,0,0,196.6,250.8,137,5
459,Manuel,Ugarte Ribeiro,Man Utd,Midfielder,49,1777,1.7,9.8,0.2,0,0,0,313.6,195.9,113,5
460,Toby,Collyer,Man Utd,Midfielder,6,174,1,1.3,0.3,0,0,0,40.4,29.9,8,4.5
461,Jayce,Fitzgerald,Man Utd,Midfielder,0,0,0,0,0,0,0,0,0,0,0,4.5
462,Jack,Fletcher,Man Utd,Midfielder,0,0,0,0,0,0,0,0,0,0,0,4.5
463,Sékou,Koné,Man Utd,Midfielder,0,0,0,0,0.1,0,0,0,0,0,0,4.5
464,Jack,Moorhouse,Man Utd,Midfielder,0,0,0,0,0,0,0,0,0,0,0,4.5
465,Rasmus,Højlund,Man Utd,Forward,78,1998,2.4,12,0.8,0,0,0,187,254.7,432,6.5
466,Joshua,Zirkzee,Man Utd,Forward,64,1385,2,10.7,1.3,0,0,0,222.6,212,351,6
467,Chido,Obi,Man Utd,Forward,7,160,1,1.6,6.7,0,0,0,8.2,5.1,46,4.5
468,Ethan,Wheatley,Man Utd,Forward,0,0,0,0,0.3,0,0,0,0,0,0,4.5
469,Nick,Pope,Newcastle,Goalkeeper,102,2520,3.6,20.4,3.9,0,0,0,666,10,0,5
470,Martin,Dúbravka,Newcastle,Goalkeeper,44,900,4.4,11,11,0,0,0,220.2,0,0,4
471,Mark,Gillespie,Newcastle,Goalkeeper,0,0,0,0,0.1,0,0,0,0,0,0,4
472,Odysseas,Vlachodimos,Newcastle,Goalkeeper,0,0,0,0,0.2,0,0,0,0,0,0,4
473,Lewis,Hall,Newcastle,Defender,102,2188,3.8,18.5,3.5,0,0,0,561.6,561.2,128,5.5
474,Fabian,Schär,Newcastle,Defender,118,2935,3.5,21.5,1.9,0,0,0,743.2,111.5,346,5.5
475,Sven,Botman,Newcastle,Defender,18,412,2.2,3.6,0.5,0,0,0,110.4,28.4,96,5
476,Dan,Burn,Newcastle,Defender,115,3330,3.1,23,3,0,0,0,736.6,123.6,297,5
477,Tino,Livramento,Newcastle,Defender,105,2835,2.8,21,5.4,0,0,0,567.4,406.2,127,5
478,Kieran,Trippier,Newcastle,Defender,72,1299,2.9,14.4,1.1,0,0,0,319.4,406.8,33,5
479,Emil,Krafth,Newcastle,Defender,17,334,1.4,3.8,0.1,0,0,0,59.2,19.7,13,4.5
480,Jamaal,Lascelles,Newcastle,Defender,0,0,0,0,0.1,0,0,0,0,0,0,4.5
481,Alex,Murphy,Newcastle,Defender,0,0,0,0,0.7,0,0,0,0,0,0,4
482,Harrison,Ashby,Newcastle,Defender,0,0,0,0,0.2,0,0,0,0,0,0,4
483,Miodrag,Pivaš,Newcastle,Defender,0,0,0,0,0.2,0,0,0,0,0,0,4
484,Matt,Targett,Newcastle,Defender,2,20,1,0.5,0.5,0,0,0,5,5.6,0,4
485,Anthony,Gordon,Newcastle,Midfielder,124,2428,3.6,16.5,2.8,0,0,0,537,777.3,655,7.5
486,Anthony,Elanga,Newcastle,Midfielder,153,2496,4,21.9,10,0,0,0,627,785.4,582,7
487,Harvey,Barnes,Newcastle,Midfielder,130,1746,3.9,20,0.5,0,0,0,522.2,407.1,701,6.5
488,Bruno,Guimarães Rodriguez Moura,Newcastle,Midfielder,135,3273,3.6,20.8,1.3,0,0,0,723,796,454,6.5
489,Jacob,Murphy,Newcastle,Midfielder,159,2356,4.5,24.5,2.6,0,0,0,713.4,625.2,519,6.5
490,Joelinton Cássio,Apolinário de Lira,Newcastle,Midfielder,99,2394,3.4,16.5,0.4,0,0,0,469.8,389.3,465,6
491,Sandro,Tonali,Newcastle,Midfielder,106,2625,2.9,19.3,2.3,0,0,0,539.4,496.3,299,5.5
492,Antoñito,Cordero Campillo,Newcastle,Midfielder,0,0,0,0,0.1,0,0,0,0,0,0,5
494,Joe,Willock,Newcastle,Midfielder,46,1065,1.4,9.2,0.2,0,0,0,172.8,273.8,197,5
495,Isaac,Hayden,Newcastle,Midfielder,0,0,0,0,0.1,0,0,0,0,0,0,4.5
496,Garang,Kuol,Newcastle,Midfielder,0,0,0,0,0.1,0,0,0,0,0,0,4.5
497,Lewis,Miley,Newcastle,Midfielder,21,304,1.5,4.7,3.1,0,0,0,87.4,33.5,45,4.5
498,Joe,White,Newcastle,Midfielder,0,0,0,0,0.2,0,0,0,0,0,0,4.5
499,Alexander,Isak,Newcastle,Forward,211,2758,6.2,20.1,38,0,0,0,1043,573.1,1320,10.5
500,William,Osula,Newcastle,Forward,19,124,1.4,3.5,0.1,0,0,0,42.4,25.1,37,5.5
501,Sean,Neave,Newcastle,Forward,0,0,0,0,0.3,0,0,0,0,0,0,4.5
502,Matz,Sels,Nott'm Forest,Goalkeeper,150,3420,3.9,30,17.8,0,0,0,942.2,20.2,0,5
503,Carlos Miguel,dos Santos Pereira,Nott'm Forest,Goalkeeper,0,0,0,0,0.3,0,0,0,0,0,0,4
504,Matt,Turner,Nott'm Forest,Goalkeeper,0,0,0,0,1.4,0,0,0,0,0,0,4
505,Nikola,Milenkovi?,Nott'm Forest,Defender,145,3330,3.9,26.4,6.8,0,0,0,805.2,107.9,361,5.5
506,Murillo,Costa dos Santos,Nott'm Forest,Defender,130,3188,3.6,23.6,2.9,0,0,0,927.2,211.2,201,5.5
507,Ola,Aina,Nott'm Forest,Defender,128,2996,3.7,25.6,17.4,0,0,0,578.2,282.3,80,5
508,Neco,Williams,Nott'm Forest,Defender,109,2588,3.1,21.8,1.4,0,0,0,628.4,305.3,244,5
509,David,Mota Veiga Teixeira do Carmo,Nott'm Forest,Defender,0,0,0,0,0.1,0,0,0,0,0,0,4.5
510,Jair,Paula da Cunha Filho,Nott'm Forest,Defender,0,0,0,0,0.1,0,0,0,0,0,0,4.5
511,Felipe,Rodrigues da Silva,Nott'm Forest,Defender,36,891,1.4,8,0.1,0,0,0,205.2,10.8,22,4.5
512,Omar,Richards,Nott'm Forest,Defender,0,0,0,0,0.1,0,0,0,0,0,0,4.5
513,Zach,Abbott,Nott'm Forest,Defender,0,0,0,0,0.3,0,0,0,0,0,0,4
514,Willy,Boly,Nott'm Forest,Defender,6,146,1,1.5,0.6,0,0,0,51,0.4,17,4
515,Morgan,Gibbs-White,Nott'm Forest,Midfielder,154,2806,4.5,20.5,3.8,0,0,0,680.4,793.7,632,7.5
516,Callum,Hudson-Odoi,Nott'm Forest,Midfielder,103,2190,3.3,17.2,2.5,0,0,0,445.6,663.9,405,6
517,Elliot,Anderson,Nott'm Forest,Midfielder,107,2726,2.9,19.5,1.8,0,0,0,638.8,605.2,308,5.5
518,João Pedro,Ferreira da Silva,Nott'm Forest,Midfielder,52,835,1.7,9.5,0.1,0,0,0,221.8,182.9,239,5.5
519,Nicolás,Domínguez,Nott'm Forest,Midfielder,54,1954,1.6,10.8,0,0,0,0,410.2,247.2,237,5
520,Lewis,O'Brien,Nott'm Forest,Midfielder,0,0,0,0,0.1,0,0,0,0,0,0,5
521,Ibrahim,Sangaré,Nott'm Forest,Midfielder,20,584,1.5,4,0.1,0,0,0,130.6,80.3,21,5
522,Ryan,Yates,Nott'm Forest,Midfielder,67,1901,1.9,13.4,0.2,0,0,0,344.4,241.1,265,5
523,Eric,da Silva Moreira,Nott'm Forest,Midfielder,2,28,1,0.4,0.2,0,0,0,5.2,0.3,0,4.5
524,Marko,Stameni?,Nott'm Forest,Midfielder,0,0,0,0,0.1,0,0,0,0,0,0,4.5
525,Chris,Wood,Nott'm Forest,Forward,200,2958,5.6,26.7,14.3,0,0,0,838.4,320,900,7.5
526,Igor Jesus,Maciel da Cruz,Nott'm Forest,Forward,0,0,0,0,1.6,0,0,0,0,0,0,6
527,Taiwo,Awoniyi,Nott'm Forest,Forward,32,398,1.2,5.8,0.7,0,0,0,67,40.9,118,5.5
528,Anthony,Patterson,Sunderland,Goalkeeper,0,0,0,0,0.7,0,0,0,0,0,0,4.5
529,Simon,Moore,Sunderland,Goalkeeper,0,0,0,0,0.7,0,0,0,0,0,0,4
530,Blondy,Nna Noukeu,Sunderland,Goalkeeper,0,0,0,0,0.3,0,0,0,0,0,0,4
531,Daniel,Ballard,Sunderland,Defender,0,0,0,0,0.3,0,0,0,0,0,0,4.5
532,Trai,Hume,Sunderland,Defender,0,0,0,0,0.4,0,0,0,0,0,0,4.5
533,Aji,Alese,Sunderland,Defender,0,0,0,0,0,0,0,0,0,0,0,4
534,Joe,Anderson,Sunderland,Defender,0,0,0,0,0.6,0,0,0,0,0,0,4
535,Dennis,Cirkin,Sunderland,Defender,0,0,0,0,0.6,0,0,0,0,0,0,4
536,Leo Fuhr,Hjelde,Sunderland,Defender,0,0,0,0,0,0,0,0,0,0,0,4
537,Niall,Huggins,Sunderland,Defender,0,0,0,0,0.3,0,0,0,0,0,0,4
538,Zak,Johnson,Sunderland,Defender,0,0,0,0,0.4,0,0,0,0,0,0,4
539,Luke,O'Nien,Sunderland,Defender,0,0,0,0,0.1,0,0,0,0,0,0,4
540,Timothée,Pembélé,Sunderland,Defender,0,0,0,0,0.3,0,0,0,0,0,0,4
541,Reinildo,Mandava,Sunderland,Defender,0,0,0,0,8.4,0,0,0,0,0,0,4
542,Jenson,Seelt,Sunderland,Defender,0,0,0,0,0.4,0,0,0,0,0,0,4
543,Simon,Adingra,Sunderland,Midfielder,60,1081,2.1,10.9,3.2,0,0,0,212.4,261.9,337,5.5
544,Habib,Diarra,Sunderland,Midfielder,0,0,0,0,0.2,0,0,0,0,0,0,5.5
545,Patrick,Roberts,Sunderland,Midfielder,0,0,0,0,0.1,0,0,0,0,0,0,5.5
546,Milan,Aleksi?,Sunderland,Midfielder,0,0,0,0,0.1,0,0,0,0,0,0,5
547,Enzo,Le Fée,Sunderland,Midfielder,0,0,0,0,1.7,0,0,0,0,0,0,5
548,Romaine,Mundle,Sunderland,Midfielder,0,0,0,0,0.1,0,0,0,0,0,0,5
549,Dan,Neil,Sunderland,Midfielder,0,0,0,0,0.1,0,0,0,0,0,0,5
550,Ian,Poveda-Ocampo,Sunderland,Midfielder,0,0,0,0,0.1,0,0,0,0,0,0,5
551,Chris,Rigg,Sunderland,Midfielder,0,0,0,0,0.2,0,0,0,0,0,0,5
552,Noah,Sadiki,Sunderland,Midfielder,0,0,0,0,0.1,0,0,0,0,0,0,5
553,Chemsdine,Talbi,Sunderland,Midfielder,0,0,0,0,0.2,0,0,0,0,0,0,5
554,Abdoullah,Ba,Sunderland,Midfielder,0,0,0,0,0.4,0,0,0,0,0,0,4.5
555,Alan,Browne,Sunderland,Midfielder,0,0,0,0,0.1,0,0,0,0,0,0,4.5
556,Pierre,Ekwah Elimby,Sunderland,Midfielder,0,0,0,0,0.1,0,0,0,0,0,0,4.5
557,Harrison,Jones,Sunderland,Midfielder,0,0,0,0,0.1,0,0,0,0,0,0,4.5
558,Jay,Matete,Sunderland,Midfielder,0,0,0,0,0.2,0,0,0,0,0,0,4.5
559,Nectarios,Triantis,Sunderland,Midfielder,0,0,0,0,0.1,0,0,0,0,0,0,4.5
560,Wilson,Isidor,Sunderland,Forward,0,0,0,0,0.5,0,0,0,0,0,0,5.5
561,Eliezer,Mayenda Dossou,Sunderland,Forward,0,0,0,0,0.7,0,0,0,0,0,0,5.5
562,Ahmed,Abdullahi,Sunderland,Forward,0,0,0,0,1.4,0,0,0,0,0,0,4.5
563,Luís Hemir,Silva Semedo,Sunderland,Forward,0,0,0,0,0.4,0,0,0,0,0,0,4.5
564,Nazarii,Rusyn,Sunderland,Forward,0,0,0,0,0.4,0,0,0,0,0,0,4.5
565,Guglielmo,Vicario,Spurs,Goalkeeper,66,2160,2.8,13.2,3.6,0,0,0,587.8,0,0,5
566,Brandon,Austin,Spurs,Goalkeeper,1,90,1,0.2,0.3,0,0,0,20,0,0,4
567,Antonín,Kinský,Spurs,Goalkeeper,17,540,2.8,4.2,6.2,0,0,0,208.2,10.1,0,4
568,Pedro,Porro Sauceda,Spurs,Defender,98,2606,3,17.8,9.7,0,0,0,778.4,932.9,200,5.5
569,Cristian,Romero,Spurs,Defender,49,1416,2.7,9.8,1.4,0,0,0,343.2,113.1,232,5
570,Kevin,Danso,Spurs,Defender,16,842,1.6,3.6,0.2,0,0,0,242,34.4,72,4.5
571,Ben,Davies,Spurs,Defender,28,1329,1.6,6.2,0.1,0,0,0,343.6,42.1,49,4.5
572,Radu,Dr?gu?in,Spurs,Defender,24,1250,1.5,5.3,0,0,0,0,256.4,58.1,47,4.5
573,Djed,Spence,Spurs,Defender,51,1790,2,11.3,0.5,0,0,0,433,226.6,100,4.5
574,Destiny,Udogie,Spurs,Defender,43,1923,1.7,9.6,10.6,0,0,0,354.8,256.5,132,4.5
575,Micky,van de Ven,Spurs,Defender,32,1014,2.5,7.1,13.1,0,0,0,212,39.4,57,4.5
576,Ashley,Phillips,Spurs,Defender,0,0,0,0,0.7,0,0,0,0,0,0,4
577,Takai,K?ta,Spurs,Defender,0,0,0,0,0.4,0,0,0,0,0,0,4
578,Luka,Vuškovi?,Spurs,Defender,0,0,0,0,3.5,0,0,0,0,0,0,4
579,Son,Heung-min,Spurs,Midfielder,129,2106,4.3,15.2,3.1,0,0,0,629.6,734.9,707,8.5
580,Brennan,Johnson,Spurs,Midfielder,137,2171,4.2,19.6,3.5,0,0,0,559.6,295,761,7
581,James,Maddison,Spurs,Midfielder,133,1799,4.3,19,3.5,0,0,0,683.4,702.3,495,7
582,Mohammed,Kudus,Spurs,Midfielder,106,2589,3.3,16.3,27.9,0,0,0,471.6,552.5,752,6.5
583,Dejan,Kulusevski,Spurs,Midfielder,117,2386,3.7,18,0,0,0,0,613.6,843.8,733,6.5
584,Mathys,Tel,Spurs,Midfielder,42,908,3.2,6.5,0.2,0,0,0,183.8,208.3,236,6.5
585,Rodrigo,Bentancur,Spurs,Midfielder,49,1640,1.9,8.9,0.1,0,0,0,324.6,208.5,165,5.5
586,Lucas,Bergvall,Spurs,Midfielder,44,1200,1.6,8,0.2,0,0,0,237.2,218.7,97,5.5
587,Yves,Bissouma,Spurs,Midfielder,50,1396,1.8,9.1,0.1,0,0,0,283.8,133.8,59,5.5
588,Wilson,Odobert,Spurs,Midfielder,34,843,2.1,6.2,0.1,0,0,0,101.2,108.6,156,5.5
589,Manor,Solomon,Spurs,Midfielder,0,0,0,0,0.1,0,0,0,0,0,0,5.5
590,Bryan,Gil Salvatierra,Spurs,Midfielder,0,0,0,0,0.1,0,0,0,0,0,0,5
591,Archie,Gray,Spurs,Midfielder,45,1750,1.6,9,0.2,0,0,0,254.6,71.4,15,5
592,Mikey,Moore,Spurs,Midfielder,19,359,1.9,3.8,0.1,0,0,0,33.2,45.2,34,5
593,Pape Matar,Sarr,Spurs,Midfielder,71,1901,2,14.2,0.7,0,0,0,398.4,257.2,220,5
594,Yang,Min-hyeok,Spurs,Midfielder,0,0,0,0,0.2,0,0,0,0,0,0,4.5
595,Callum,Olusesi,Spurs,Midfielder,0,0,0,0,0.2,0,0,0,0,0,0,4.5
596,Dominic,Solanke-Mitchell,Spurs,Forward,108,2199,4,14.4,17.9,0,0,0,505.8,199.8,729,7.5
597,Richarlison,de Andrade,Spurs,Forward,35,497,2.3,5.4,0.9,0,0,0,180.8,57.1,243,6.5
598,Will,Lankshear,Spurs,Forward,3,10,1,0.7,0.5,0,0,0,0,0,0,4.5
599,Dane,Scarlett,Spurs,Forward,6,31,2,1.3,0.9,0,0,0,24.4,11,17,4.5
600,Alphonse,Areola,West Ham,Goalkeeper,69,2259,2.7,15.3,6.2,0,0,0,619.8,0,0,4.5
601,Wes,Foderingham,West Ham,Goalkeeper,0,0,0,0,1.1,0,0,0,0,0,0,4
602,Krisztián,Hegyi,West Ham,Goalkeeper,0,0,0,0,0.5,0,0,0,0,0,0,4
603,El Hadji Malick,Diouf,West Ham,Defender,0,0,0,0,0.7,0,0,0,0,0,0,4.5
604,Emerson,Palmieri dos Santos,West Ham,Defender,76,2108,2.5,16.9,0.2,0,0,0,420.4,310.9,173,4.5
605,Maximilian,Kilman,West Ham,Defender,82,3348,2.2,18.2,0.4,0,0,0,832.6,203.3,149,4.5
606,Konstantinos,Mavropanos,West Ham,Defender,45,2035,1.4,10,0.1,0,0,0,497,74.9,160,4.5
607,Nayef,Aguerd,West Ham,Defender,0,0,0,0,0.1,0,0,0,0,0,0,4.5
608,Ollie,Scarles,West Ham,Defender,29,659,1.9,6.4,0.1,0,0,0,106.4,54.3,24,4.5
609,Jean-Clair,Todibo,West Ham,Defender,54,1824,2,12,0.2,0,0,0,373,37.1,35,4.5
610,Aaron,Wan-Bissaka,West Ham,Defender,118,3154,3.3,26.2,30,0,0,0,807.4,531.5,188,4.5
611,Kaelan,Casey,West Ham,Defender,1,1,1,0.2,0.9,0,0,0,2,0,0,4
612,Lucas,Tolentino Coelho de Lima,West Ham,Midfielder,80,2374,2.4,13.3,0.6,0,0,0,433.2,627.7,267,6
613,Tomáš,Sou?ek,West Ham,Midfielder,126,2563,3.6,21,0.8,0,0,0,672.6,231.8,643,6
614,James,Ward-Prowse,West Ham,Midfielder,51,1433,2.1,8.5,0.3,0,0,0,282.4,378.3,138,6
615,Crysencio,Summerville,West Ham,Midfielder,33,776,1.7,6,0,0,0,0,156.4,246.1,186,5.5
616,Edson,Álvarez Velázquez,West Ham,Midfielder,40,1769,1.4,8,0.2,0,0,0,281.8,213.9,51,5
617,Maxwel,Cornet,West Ham,Midfielder,1,71,0.5,0.2,0.1,0,0,0,11.6,3.5,7,5
618,Guido,Rodríguez,West Ham,Midfielder,36,1147,1.6,7.2,0.1,0,0,0,205.4,79.7,29,5
619,Luis Guilherme,Lira dos Santos,West Ham,Midfielder,12,139,1,2.4,0.1,0,0,0,27.6,49.1,32,5
620,George,Earthy,West Ham,Midfielder,0,0,0,0,0.2,0,0,0,0,0,0,4.5
621,Andy,Irving,West Ham,Midfielder,9,161,0.9,2,0.3,0,0,0,37.6,26.5,17,4.5
622,Lewis,Orford,West Ham,Midfielder,2,47,1,0.4,0.2,0,0,0,6.4,27.6,6,4.5
623,Freddie,Potts,West Ham,Midfielder,0,0,0,0,0.7,0,0,0,0,0,0,4.5
624,Jarrod,Bowen,West Ham,Forward,193,2974,5.7,24.1,20.8,0,0,0,903,737.8,1081,8
625,Niclas,Füllkrug,West Ham,Forward,42,783,2.3,7,1.2,0,0,0,187.2,173.3,221,6
626,Callum,Marshall,West Ham,Forward,0,0,0,0,1,0,0,0,0,0,0,4.5
659,Kyle,Walker-Peters,West Ham,Defender,0,0,0,0,0.2,0,0,0,0,0,0,4.5
627,Sam,Johnstone,Wolves,Goalkeeper,12,630,1.7,2.7,0.2,0,0,0,193.8,10,0,4.5
628,José,Malheiro de Sá,Wolves,Goalkeeper,93,2610,3.2,20.7,2.6,0,0,0,603.4,30,0,4.5
629,Daniel,Bentley,Wolves,Goalkeeper,9,180,4.5,2.2,1.1,0,0,0,60,0,0,4
630,Tom,King,Wolves,Goalkeeper,1,1,1,0.2,3.9,0,0,0,0,0,0,4
631,Emmanuel,Agbadou,Wolves,Defender,45,1410,2.8,10,0.3,0,0,0,395.2,57.3,67,4.5
632,Matt,Doherty,Wolves,Defender,75,2105,2.5,16.7,0.2,0,0,0,502.2,179.9,135,4.5
633,Hugo,Bueno López,Wolves,Defender,0,0,0,0,0.1,0,0,0,0,0,0,4.5
634,Yerson,Mosquera Valdelamar,Wolves,Defender,3,441,0.6,0.7,0.1,0,0,0,110.2,27.3,21,4.5
635,Rodrigo,Martins Gomes,Wolves,Defender,42,794,1.7,9.3,0.1,0,0,0,186.6,180.2,113,4.5
636,Santiago,Ignacio Bueno,Wolves,Defender,52,1678,1.8,11.6,0.1,0,0,0,345.4,15.8,80,4.5
637,Toti,Gomes,Wolves,Defender,79,2613,2.5,17.6,0.2,0,0,0,617.2,144.2,102,4.5
638,Ki-Jana,Hoever,Wolves,Defender,0,0,0,0,1.1,0,0,0,0,0,0,4
639,Bastien,Meupiyou Menadjou,Wolves,Defender,0,0,0,0,0.3,0,0,0,0,0,0,4
640,Pedro,Cardoso de Lima,Wolves,Defender,2,69,0.7,0.5,1.6,0,0,0,23.4,34.8,11,4
641,Alfie,Pond,Wolves,Defender,1,1,1,0.2,2.3,0,0,0,0,0,0,4
642,Hwang,Hee-chan,Wolves,Midfielder,37,646,1.8,6.2,0.2,0,0,0,111.6,72.7,84,6
643,André,Trindade da Costa Neto,Wolves,Midfielder,61,2472,1.8,11.1,0.1,0,0,0,383.2,285.5,30,5.5
644,Jean-Ricner,Bellegarde,Wolves,Midfielder,90,1666,2.6,16.4,0.1,0,0,0,355.6,422.8,200,5.5
645,Fer,López González,Wolves,Midfielder,0,0,0,0,0.1,0,0,0,0,0,0,5.5
646,João Victor,Gomes da Silva,Wolves,Midfielder,87,2975,2.4,15.8,0.2,0,0,0,513.4,428.9,231,5.5
647,Gonçalo Manuel,Ganchinho Guedes,Wolves,Midfielder,62,979,2.1,11.3,0.1,0,0,0,215.8,213.9,217,5.5
648,Marshall,Munetsi,Wolves,Midfielder,50,1077,3.6,9.1,0.1,0,0,0,176.8,132.9,212,5.5
649,Boubacar,Traoré,Wolves,Midfielder,1,1,1,0.2,0.1,0,0,0,4,0,0,5
650,Tawanda,Chirewa,Wolves,Midfielder,0,0,0,0,0.3,0,0,0,0,0,0,4.5
651,Tom,Edozie,Wolves,Midfielder,0,0,0,0,0.3,0,0,0,0,0,0,4.5
652,Enso,González Medina,Wolves,Midfielder,0,0,0,0,0.7,0,0,0,0,0,0,4.5
653,Joe,Hodge,Wolves,Midfielder,0,0,0,0,1.4,0,0,0,0,0,0,4.5
654,Jørgen,Strand Larsen,Wolves,Forward,145,2587,4.1,22.3,6.4,0,0,0,646.8,303.4,848,6.5
655,Fábio,Soares Silva,Wolves,Forward,0,0,0,0,0.7,0,0,0,0,0,0,5
656,Saša,Kalajdži?,Wolves,Forward,0,0,0,0,0.2,0,0,0,0,0,0,5
657,Leon,Chiwome,Wolves,Forward,0,0,0,0,0.1,0,0,0,0,0,0,4.5
658,Nathan,Fraser,Wolves,Forward,0,0,0,0,3.1,0,0,0,0,0,0,4.5
